{
    "theta_0": 6331.8270973149965,
    "theta_1": -1129.8059072203407,
    "mean_km": 101066.25,
    "std_km": 52674.24560550151
}